Namespace(layers_sizes=[7, 25, 100, 25, 6], in_file='Data_SVK_strain1_20K.csv', out_file='Svk_layers7-25-100-25-6', epochs=1000, batch=128, max_lr=0.001, min_lr=1e-06, train_ratio=0.9, test_ratio=0.1, t=64)


Number Params: 5481

Epoch, Training Error, Test Error, 
0, 0.3915285467042432, 0.08337945167745302
1, 0.05756403225890407, 0.03804462200880634
2, 0.0318803434427434, 0.023295551107757793
3, 0.02196432626757592, 0.017788853883811708
4, 0.016774086722418285, 0.014090681722094862
5, 0.013633066909293536, 0.011652650484569309
6, 0.011564711608844456, 0.010290521987940395
7, 0.009811591279685094, 0.008743464596321682
8, 0.00827432315831572, 0.0071674823009887905
9, 0.00750105327423235, 0.006760137266431632
10, 0.0062529925265975795, 0.005299226800784914
11, 0.005555420856548912, 0.005000184272833771
12, 0.004808664114022667, 0.004156537575949676
13, 0.004526635157082398, 0.0038149917465565134
14, 0.0038617771893327485, 0.0037045014376266157
15, 0.0033422319106897946, 0.003293285379898374
16, 0.0031845750994065206, 0.0030651140977211466
17, 0.0029311053416743436, 0.0028909372034109032
18, 0.002707475528512693, 0.003798399886624905
19, 0.0024302623808225006, 0.002438408722790652
20, 0.0022911016361726855, 0.0020223411826630726
21, 0.0020759409179584108, 0.0019056441788619265
22, 0.001962870181521063, 0.001903513490789662
23, 0.001794749281648933, 0.001696506148622137
24, 0.0016776157202584242, 0.0015448154856623944
25, 0.0016477187217810887, 0.0016466177802070294
26, 0.001526792904019915, 0.001528589137227136
27, 0.0014482858415173503, 0.001404660184818601
28, 0.001373010019579337, 0.0013078106129910142
29, 0.0014031215769737253, 0.0015378616241714476
30, 0.0012488438986999644, 0.0012328676557862915
31, 0.00122379751610852, 0.0010692397292263627
32, 0.0011164313289660853, 0.001129667762127138
33, 0.0011327934553559478, 0.0015440380341428907
34, 0.0011039346800590867, 0.0009634147647397301
35, 0.001095974474128833, 0.0009564442297567269
36, 0.001066904109134847, 0.0015765936412123133
37, 0.0010677407830272036, 0.0012454393744580994
38, 0.0009081908936049963, 0.0010972037634066434
39, 0.0008862684540110923, 0.0008157477021188428
40, 0.0008416583299790291, 0.0009319958751165942
41, 0.0008990169573566252, 0.000889369243987532
42, 0.0008839261964592205, 0.000742637871175926
43, 0.0008547477995930339, 0.0010815003502449509
44, 0.0007585549050147731, 0.0010873647283364592
45, 0.0007738608028424239, 0.0007437215427642541
46, 0.0007646243452306045, 0.0007334016865103166
47, 0.0008885609146320551, 0.0007132800790555166
48, 0.0007267667268382608, 0.0009478123578672371
49, 0.0007230409489894457, 0.000944285289629544
50, 0.0006868311537135279, 0.0007678497191032417
51, 0.0006373899963989658, 0.0006827078667599435
52, 0.000634160837915684, 0.0006811021701796566
53, 0.000622312450649263, 0.0005309931878085471
54, 0.000627014591549237, 0.0005557120726351358
55, 0.0005830835883308893, 0.0006832779648096124
56, 0.0005827903071166701, 0.0005231298116316916
57, 0.0005920024834584612, 0.0009019657121108497
58, 0.0005864553981228842, 0.0006000035962112294
59, 0.0005992157869439338, 0.0006984902686085701
60, 0.0006005783019327499, 0.0006048189438139202
61, 0.0005805911976396759, 0.0005725341562377362
62, 0.0005482680025760402, 0.0005463508811538863
63, 0.0005558388529702502, 0.0004335438767781452
64, 0.0005313543282056468, 0.000654585415589422
65, 0.000503315767812729, 0.0004845799473017877
66, 0.0005220414068127927, 0.000715267814308524
67, 0.0006123419513922891, 0.0006321576806055197
68, 0.0006307125040500287, 0.000827187142339611
69, 0.0006168880311920964, 0.0005065856449541885
70, 0.0004662032093088755, 0.00044009117660353224
71, 0.0004561572665227675, 0.00047406657000881715
72, 0.0005180298466638613, 0.00046226670901667786
73, 0.0004681122468509361, 0.0005117966105774775
74, 0.0004459902417754407, 0.00037835427320903804
75, 0.00043642063186896343, 0.0004199952798590198
76, 0.0004491281058934178, 0.000516172572740424
77, 0.0004722347142686032, 0.0004292886698287413
78, 0.0004830977416260225, 0.0004533474944269443
79, 0.0004209755679055936, 0.0007583000601534625
80, 0.0004988353593521543, 0.0006613747003881767
81, 0.0005549141716845763, 0.0005613500430200371
82, 0.00038929189204130074, 0.00037847967025128945
83, 0.0004204657380487386, 0.0004145846572315047
84, 0.00041952319993529975, 0.00044039790156052364
85, 0.00041889272427853296, 0.0004790367522927559
86, 0.0004087666416956458, 0.0005600536382505623
87, 0.000542196211505434, 0.0005513275277622936
88, 0.00037237277996511, 0.00035029898934129923
89, 0.0003894837565498084, 0.00039197820145692397
90, 0.00041044652933818, 0.0005056361583319336
91, 0.0003899120380244356, 0.00039490626384009966
92, 0.00036938232732189563, 0.00038565237927401497
93, 0.0005196749322203285, 0.00032593631819543325
94, 0.00042971385782366824, 0.00036336618022050665
95, 0.00041746466558202633, 0.0005903880251704949
96, 0.00037418627385207186, 0.0004105901232102265
97, 0.00036614716963987267, 0.0003688582301424443
98, 0.00037059886713504343, 0.0005322582351019331
99, 0.0003548526833135985, 0.00042046421278853945
100, 0.00047975689977188863, 0.0003960397392822117
101, 0.0003792293201130588, 0.00046932016427541506
102, 0.000397126755692367, 0.00041771683078897694
103, 0.0003448170329699995, 0.0005850331887820934
104, 0.00037696599240192213, 0.0003647136955305083
105, 0.00043161497281337546, 0.0004533595384891244
106, 0.0003598198941365533, 0.0005107858552079335
107, 0.000369316789545326, 0.00041549007840012295
108, 0.00036252193376487985, 0.0003746425468470591
109, 0.0003521587608692044, 0.0003249776310262437
110, 0.00036909823972187977, 0.0005233306732174225
111, 0.00035164215308753407, 0.0003447382570753697
112, 0.00031822598145239857, 0.000382024851227276
113, 0.0004026391429187403, 0.0004473652388836524
114, 0.00035972829204414545, 0.000303212235573666
115, 0.00033243854811604913, 0.0003204676726458771
116, 0.00040902718464363774, 0.00041020348376571536
117, 0.00032407688878531837, 0.00028733552417567503
118, 0.0004097700222500425, 0.0003737926885277076
119, 0.00036253612494238267, 0.00027928665795878474
120, 0.00030695890507285273, 0.00028028573100591576
121, 0.00035159569021157974, 0.0003001538673127145
122, 0.00030173902766835473, 0.0004727667616896416
123, 0.0004268275516708881, 0.0003730120779314421
124, 0.0003273324238939849, 0.0002914045843046418
125, 0.00027781094693455103, 0.00026154799260918457
126, 0.00034786499306304984, 0.0003445221585169571
127, 0.0005051996390125687, 0.0002873617184792945
128, 0.00031430148893452184, 0.000544786402020766
129, 0.00033886553976286303, 0.0003085912761378749
130, 0.00031920556689643776, 0.0002820263507546441
131, 0.00027442570346693094, 0.00035437801958749225
132, 0.0003147939862811987, 0.0002993059339300631
133, 0.0002938122321245558, 0.00046157590293519063
134, 0.000331414497531371, 0.0003106172075063888
135, 0.00032082134610506686, 0.00028912589797772765
136, 0.0003433548557330192, 0.0005526722823646145
137, 0.00035553674273072766, 0.00028846857827213873
138, 0.00030583750687092115, 0.00029017580656970024
139, 0.0003796997969357216, 0.0002889488319094219
140, 0.0002590356509363782, 0.0007395564905215334
141, 0.0003363363543028486, 0.0005164260184550573
142, 0.0002945750644250145, 0.00031836563903417576
143, 0.0002989467921966487, 0.00027101816543494416
144, 0.0002900389384243587, 0.00027111956170833534
145, 0.00027363969054672153, 0.00030943848939414445
146, 0.0002618266497595885, 0.00025128491067167533
147, 0.00027231452437583465, 0.00026240063985131346
148, 0.00032507865921572576, 0.0002772997415321044
149, 0.00032678153461054995, 0.000259361669978092
150, 0.0002960151683206021, 0.00025057121046943897
151, 0.000319187396811164, 0.00028006340782286504
152, 0.00030569086209944273, 0.0003710808130728027
153, 0.00028909107380108975, 0.0007023359263681147
154, 0.00036729613460485463, 0.00026376172187815686
155, 0.00028674700176479, 0.0003159406885328436
156, 0.0002593611729284301, 0.0002806260836173611
157, 0.00027239260753062183, 0.0003651440007933392
158, 0.00036023570341032894, 0.0002729250871576926
159, 0.00028922162720460004, 0.000249247956696947
160, 0.00029470712032808724, 0.00031670483783084833
161, 0.00027958753352175247, 0.00029306729662083634
162, 0.00028043964624285784, 0.00027775993132140957
163, 0.0002611422225835906, 0.0002544638003505931
164, 0.000262719028786035, 0.0002698432249487414
165, 0.0002811237657739478, 0.00024573660037457724
166, 0.0002632148241419965, 0.0002760464414070042
167, 0.0002855919592032631, 0.0003719108223707538
168, 0.00031162114241738896, 0.00026686546265334627
169, 0.00029499471111413186, 0.00025122011486921405
170, 0.00024953983676852145, 0.00028876901458578465
171, 0.0002824915523842602, 0.0004800844554164878
172, 0.00031285170941271526, 0.0005710160595675363
173, 0.00025145840012137324, 0.00023847988972662508
174, 0.0002961929584770273, 0.0002468967593978504
175, 0.0002485953019094049, 0.0003114508821598691
176, 0.000298275065244197, 0.0002728772154812471
177, 0.0002540467520619696, 0.0004627304485169253
178, 0.00028945235769959487, 0.00024733519580182566
179, 0.0002846791582965866, 0.0005468411756804839
180, 0.000326899696731992, 0.0002771036787712218
181, 0.000240482061543766, 0.0002812908857128142
182, 0.00029518719930401197, 0.0002280329412168694
183, 0.0002535699974176684, 0.00023179229249554434
184, 0.00023103885397380726, 0.0001983797033520432
185, 0.0002519527716920085, 0.0002511856343631884
186, 0.00029223633711004737, 0.0004233301595984575
187, 0.0002539583454585124, 0.0002449169698797881
188, 0.00033303300360826077, 0.0002921517692112863
189, 0.0002091338035239187, 0.0002497996494052559
190, 0.00022965750908941884, 0.00026162815884709983
191, 0.00027771817512691735, 0.0002009676917195368
192, 0.00024237382926691142, 0.00022309175604299389
193, 0.00022301718714978902, 0.0002517044229318829
194, 0.00028223538321823106, 0.00043774277827325793
195, 0.00037321761845492243, 0.00028924691899580817
196, 0.00024274421416535085, 0.00028535082697029164
197, 0.0002458352330349241, 0.0002464076182791647
198, 0.00024638139066172833, 0.00027218224364671656
199, 0.0002453972290982572, 0.0003556903210011831
200, 0.0002490886131666185, 0.00021811176296291003
201, 0.00025576173177415144, 0.00024648085467292324
202, 0.00024977125995513243, 0.000340939952217844
203, 0.0002495263649849955, 0.00023615947568964986
204, 0.0002852742474807024, 0.0003263620821391465
205, 0.0002331158628890071, 0.000279281584706394
206, 0.0002995750399581305, 0.0005823997023499185
207, 0.0002538482889257382, 0.0002892090771243136
208, 0.00023087799180434733, 0.00021757297352942003
209, 0.00021151396186672324, 0.00023530263945901949
210, 0.00026814523198879586, 0.0002797256756097273
211, 0.00020958839417193178, 0.000234537134448114
212, 0.00019663130550111758, 0.0002723575045209825
213, 0.00022272441123916245, 0.0001896600329426029
214, 0.00025840974753838273, 0.00023183561737140699
215, 0.0002556496651226931, 0.00024593228471983465
216, 0.00023231960703628865, 0.00023470298171257898
217, 0.00020350207748365615, 0.00019917315592734642
218, 0.00023558197229721272, 0.00025940091061885014
219, 0.00027451454687941096, 0.00026095773553143754
220, 0.00026329250946634047, 0.0004936282732908554
221, 0.000249652663051577, 0.0004056021861802689
222, 0.0002292261937164227, 0.00028092152821995937
223, 0.0002037820580912519, 0.0002795736511149788
224, 0.00025669412918465746, 0.00020407505419879065
225, 0.0002052229367603716, 0.0003152468054525249
226, 0.00020248542333158186, 0.00032872326047696704
227, 0.00026237163928222575, 0.0002283828861790913
228, 0.0002057655839115691, 0.00021235163527306752
229, 0.00020322163540933394, 0.00031680057983529165
230, 0.00025014119328647873, 0.00028093925414093824
231, 0.00020261277920116463, 0.0002441823035418656
232, 0.00024266913223379595, 0.00027678952842766664
233, 0.000204061981607143, 0.00022968214929658943
234, 0.00022018350586411784, 0.0002380638575619535
235, 0.00021033186122294825, 0.0002066894291460348
236, 0.00020026359043497349, 0.00027069669845016723
237, 0.00020317325828084153, 0.00021097091846480055
238, 0.00024070548446246013, 0.0006224350632986569
239, 0.0002748850862342649, 0.00030359429495107856
240, 0.0002692472598382323, 0.0003192550814988341
241, 0.00027815170725095466, 0.00030738534230277605
242, 0.00020820864092311182, 0.00019880933684525225
243, 0.0002162455847621133, 0.00023679856282953578
244, 0.0002270787220944071, 0.00034968810883546214
245, 0.00019978968592144483, 0.00018574105277296708
246, 0.00020826610144538868, 0.00023245545316167546
247, 0.00019632077263552193, 0.00019375873271029295
248, 0.00020856797579773924, 0.0002247625749914308
249, 0.00018151310956886023, 0.00028230517551003874
250, 0.0002087993638285943, 0.0001978821187499869
251, 0.00021046083689389038, 0.00026319884169746815
252, 0.00032431343442217056, 0.00028265169730974334
253, 0.00019215793625415562, 0.00025397587146725896
254, 0.00019829209997524502, 0.00021392043811292946
255, 0.00021214404470043337, 0.00021244560738936576
256, 0.0002127894474868161, 0.0002115743002474774
257, 0.0001959905604124077, 0.00020447429250551873
258, 0.00022758544906634112, 0.00034788834504949183
259, 0.00022174919539702937, 0.00023540311106040696
260, 0.00024449530647289205, 0.0002238010479329621
261, 0.0001905003488492449, 0.0002610974547074904
262, 0.00022943636906935444, 0.00026008592579243665
263, 0.0002016729777612591, 0.0002018082947394122
264, 0.00019575988594467268, 0.000180395110465184
265, 0.00022244986427050613, 0.00035981906918974144
266, 0.0002449622339334232, 0.0002021093358521513
267, 0.000188968978173767, 0.00022713186781336635
268, 0.0001942351368941477, 0.00031759358613040465
269, 0.00023433589712818786, 0.00027131334626352715
270, 0.00018594364622887, 0.00021733945595039228
271, 0.00020805418980688288, 0.00021880414767927637
272, 0.00024212278663331716, 0.00022809776385642407
273, 0.00021870264155495224, 0.00020865146220178568
274, 0.00017595650796814295, 0.000214798701867854
275, 0.00019905695509254997, 0.00023371822929255933
276, 0.00022290347737134267, 0.00019608846967695471
277, 0.00018022357274458123, 0.00018027924210458875
278, 0.0002023341312957647, 0.00026544289368214425
279, 0.0002362649348667954, 0.00021720771326704801
280, 0.00018707642012792574, 0.00019238366056741597
281, 0.00016456502383253982, 0.00021344007453808793
282, 0.00020633689456313898, 0.00022399806677779
283, 0.00020233021773025334, 0.00038656615294185354
284, 0.00021997389414488345, 0.00018102650492463068
285, 0.00018699286390832395, 0.000417781743894033
286, 0.00019618282932205348, 0.0003080469849832735
287, 0.0002271740172271964, 0.00021849446591308867
288, 0.0001951915913244509, 0.0003240220186678489
289, 0.00024009097801616256, 0.00022422086088386963
290, 0.00023461993144666308, 0.0001916822171152518
291, 0.00017023256910232877, 0.00020604831590586637
292, 0.00018112138058197974, 0.0001891145781687266
293, 0.00017354023899808887, 0.00021464065528061156
294, 0.00018517884853839413, 0.00019052978192729227
295, 0.00018150593158455816, 0.00038465694881541094
296, 0.00019759480222368344, 0.00045344823823331124
297, 0.0001992953759200146, 0.0001810997069808086
298, 0.0001959748061050792, 0.00021177182046907062
299, 0.00018250138281886686, 0.0002769643398766847
300, 0.00017459087377253606, 0.000383267811100266
301, 0.0003752580937576669, 0.0001975179947177271
302, 0.00018421172928618997, 0.00017311086002304502
303, 0.0001568134383176436, 0.00018728117668124345
304, 0.00016076950682469469, 0.00029866010275672356
305, 0.0001803711615984682, 0.00017830467871490644
306, 0.00018907643986026168, 0.0002671336536483502
307, 0.00017572653586891572, 0.00017925214491516437
308, 0.0001979449606476766, 0.00016427328890636765
309, 0.00018402289435172074, 0.000243108601119376
310, 0.000210639038742033, 0.00018730391275605029
311, 0.0001932105267267286, 0.00017687021290588198
312, 0.0002035662568213503, 0.00018668036532268226
313, 0.00015882866740716655, 0.00018476619482483652
314, 0.0001810916286240931, 0.0002510034861165214
315, 0.0002092815517976251, 0.00017561743064970707
316, 0.00018541793496404605, 0.00019636920479234872
317, 0.00017958376709972026, 0.0003040664496778051
318, 0.000195280607003665, 0.00020370137708725517
319, 0.00021597738859340285, 0.0001836377899545919
320, 0.0001819287629176315, 0.00015673009011425536
321, 0.00017016278934918862, 0.00017478874975448817
322, 0.00018100059167519133, 0.00019419044366125583
323, 0.00016234986349003664, 0.00020350970570005725
324, 0.00015934602946006112, 0.0002447452253329832
325, 0.00018949085990146248, 0.0002416356778777583
326, 0.0002522462032481909, 0.00021347296875003595
327, 0.00016427844745607947, 0.00015111342393651838
328, 0.0001532421454041527, 0.00020796459286161542
329, 0.00019422493011476825, 0.00022387769677894236
330, 0.00017216404692489985, 0.00020013326987803752
331, 0.00017445144249072172, 0.0002639545164191716
332, 0.0001708921200702817, 0.00017737191229990674
333, 0.00018113084716761885, 0.00019643722391586642
334, 0.0001737995389430524, 0.00023774713571080881
335, 0.00020011246730096584, 0.0002124631401139453
336, 0.0001728734414855132, 0.00020824772435224068
337, 0.00016494322270549418, 0.00020753076821989103
338, 0.00016534693998263884, 0.0002562392069545593
339, 0.00016552503513904684, 0.00020786582748298654
340, 0.00016307668641460946, 0.0001541466271754075
341, 0.00015772371333376328, 0.00024544472239710545
342, 0.00018002983456320666, 0.00023865497835428063
343, 0.0002014667610726215, 0.0001700352312773644
344, 0.00016767589039226916, 0.0001673748764187856
345, 0.00018615648510459507, 0.00018251536142770456
346, 0.00017099376633257632, 0.00014755414234843893
347, 0.00014358870736141184, 0.00015669026311637978
348, 0.00019112075809874884, 0.0002387400566750099
349, 0.00016395010209770472, 0.00022629432717140963
350, 0.00015152052687996854, 0.00015424787280263625
351, 0.0001483134377048836, 0.0001568135782578657
352, 0.00018367828668971152, 0.0002071544567583153
353, 0.00017128883409891257, 0.00034435830567902345
354, 0.00025242490574190016, 0.0004111761749017522
355, 0.0001660824925856517, 0.00018328759731622995
356, 0.00017293272745870587, 0.00016920998699431015
357, 0.00016065442646159725, 0.00022587187412607168
358, 0.0001572096632326038, 0.0001393640141762671
359, 0.0001614634409739886, 0.00018292471352430084
360, 0.00015894692677761852, 0.00016323927508207718
361, 0.0001754961978875463, 0.0001474608794397525
362, 0.000160587222166994, 0.00030890889783975056
363, 0.0001880851236764752, 0.00014801355810258252
364, 0.00013819298662051113, 0.0001445158302062316
365, 0.0001761927769734091, 0.0001697933108030938
366, 0.0001688368259589133, 0.00021437085792971736
367, 0.00016901566970186247, 0.00015356812750708557
368, 0.00016186138327189205, 0.00019058791214276029
369, 0.00018519217326713164, 0.000164929479984473
370, 0.00015106625895849085, 0.00017281557024587723
371, 0.00014040119804622025, 0.00018916857484009076
372, 0.00015074695857597743, 0.000132449758385509
373, 0.00015604022236487372, 0.00018697062941718738
374, 0.00017491664380145182, 0.00014051749536874784
375, 0.0001511625139326911, 0.00014622536607431189
376, 0.00016382006839039148, 0.00019393030542275358
377, 0.0001354119895874444, 0.00017895507433887496
378, 0.00016179700156895995, 0.0001899621161359489
379, 0.0001451393544771401, 0.0001298323597933052
380, 0.00015370458549531483, 0.0003345628138906306
381, 0.00016150818957365063, 0.0001504793378842829
382, 0.00014332541517224898, 0.0001601378492379844
383, 0.0001494588686316285, 0.0001660142375270838
384, 0.0001577467717063883, 0.00016281724759648292
385, 0.0001854769360220256, 0.00017840647451474733
386, 0.00016238937231032686, 0.00016352928649218
387, 0.00014513582312737668, 0.00015601056470624638
388, 0.00015979775164423973, 0.00016641531800938683
389, 0.0001464973499294222, 0.00020379081105543584
390, 0.0001510886235037526, 0.00015117447623144207
391, 0.00015049825171712446, 0.00014854161322394385
392, 0.0001391132314707036, 0.00014288233549379279
393, 0.00016871663899197138, 0.00022652959796961181
394, 0.00016550174060638625, 0.00013330762841668413
395, 0.00013039090798805614, 0.0001701948466277284
396, 0.0001344643357431016, 0.00020867689502274806
397, 0.0001604243433848568, 0.00020451537467274785
398, 0.00013376693552065436, 0.00018651682552901227
399, 0.00015536814318727548, 0.0001308834611165136
400, 0.00015668740888192436, 0.00015180595966800972
401, 0.00013790326243017659, 0.00019673237942072756
402, 0.00014838931659791636, 0.00019862516901032789
403, 0.00013998385687273904, 0.0001512582235719169
404, 0.0001541880299874164, 0.00014563608294660256
405, 0.00013797720251726943, 0.00017713601335598227
406, 0.00019017071837622716, 0.0003171846526204383
407, 0.0001448327492830518, 0.0001654861032705889
408, 0.00015726218238328892, 0.00017322910015200163
409, 0.00015461719411918092, 0.00013275798293768223
410, 0.00014147455910932188, 0.0002830987182366274
411, 0.00014869576738027178, 0.00012488234322165405
412, 0.00013330254641412385, 0.00012807544355543873
413, 0.00013818735594122093, 0.0001624804162758116
414, 0.00014545919216755307, 0.0001869126770989211
415, 0.00013756118107786328, 0.0001303309584547925
416, 0.0001398923657282972, 0.00013829000186760083
417, 0.000128966461499518, 0.00014692592362557978
418, 0.00013718882017577802, 0.00014360623341020087
419, 0.00013354241594694727, 0.00022655971861331256
420, 0.00012467054270251922, 0.00017332105942448247
421, 0.00012533401980292165, 0.00013606621603563573
422, 0.0001233125632345472, 0.0001498609995074585
423, 0.0001413676456023397, 0.00017245284146201242
424, 0.0001367061490611441, 0.00016706700977236173
425, 0.00015808593325814836, 0.000149832397626341
426, 0.00014101056073596212, 0.00025376098969674617
427, 0.0001402008382590876, 0.0001479231238089225
428, 0.00012439016965582814, 0.00016213141969061132
429, 0.00013645228666420457, 0.0001608530462277102
430, 0.00013195233977076368, 0.0001427675961911375
431, 0.00014958433730012928, 0.00013907163642666505
432, 0.00013912902546358013, 0.00014292044041790472
433, 0.0001267684418477133, 0.00014532323030138445
434, 0.0001343352163181373, 0.00013773922225406138
435, 0.0001297256929509284, 0.000142317008732652
436, 0.00013017250204858815, 0.00013847143017063626
437, 0.0001328754610112246, 0.00013185439546240503
438, 0.00011868303025872851, 0.00012244336627772724
439, 0.0001305956907632949, 0.00017990055585000232
440, 0.0001649681285028104, 0.00017425376274966914
441, 0.00012490273839137965, 0.00016314827471279332
442, 0.00013419998105147193, 0.00015191532372119457
443, 0.00011984861935757313, 0.00013923240110612668
444, 0.0001250921560153792, 0.00012757522213136018
445, 0.00015214200955818353, 0.0001360334015783237
446, 0.00012355214063842747, 0.0001922131362000025
447, 0.00012564542064245516, 0.00012887327410196936
448, 0.00013250452079497258, 0.00017179094423290213
449, 0.00014326336102327416, 0.00014103213221083963
450, 0.00011656601160348581, 0.00012437655554801324
451, 0.00012086609753872839, 0.00013034953850432407
452, 0.00013474155709227145, 0.00018993513984960612
453, 0.00013247484212447315, 0.0001343538003334502
454, 0.00012882687887002525, 0.00012060404584545119
455, 0.00011308941587571135, 0.0001325680790961523
456, 0.00011785822308678461, 0.0001181895015455409
457, 0.0001326133054838303, 0.0001352139571073913
458, 0.00013641554101849988, 0.0001541724583523162
459, 0.00011976585916868218, 0.00017158416183058722
460, 0.00012749580956951558, 0.00013138757297802083
461, 0.00013063244345992562, 0.0001593672915208968
462, 0.00011759036837038609, 0.00016443388289996783
463, 0.00013252133588300395, 0.00012429156690624922
464, 0.00014357807726348877, 0.00013838030219737895
465, 0.00013122807945868027, 0.00012332356383393307
466, 0.00010961996298999845, 0.00015362297798366049
467, 0.0001018780717086242, 0.00012384974441254095
468, 0.00012517535928142925, 0.00016579294631504868
469, 0.00012543789806109996, 0.00018330277838442835
470, 0.00011836077009112043, 0.00016233602696966856
471, 0.00011299431310769054, 0.00011163296518186265
472, 0.0001285128822713162, 0.00012550515851099183
473, 0.00013052275095074676, 0.00011852965987178669
474, 0.00012039475973225418, 0.00015315747211398087
475, 0.00011287427552471057, 0.00014127347046916664
476, 0.0001247328568696384, 0.0001382850785739905
477, 0.00011192525133936274, 0.00012776323288665324
478, 0.00013252378306190208, 0.00014649503042970933
479, 0.00013428675767389992, 0.00012141526662993897
480, 0.0001114789722025031, 0.00011501151543268454
481, 0.00012141072666947579, 0.00011156538757498088
482, 0.00011581556203990297, 0.00019530449645382
483, 0.00012438250934775, 0.00016859423377783855
484, 0.0001338433302714744, 0.00013236433763363963
485, 0.00010936236014931562, 0.00012723087482850737
486, 0.00011936825278085365, 0.00015992936584847275
487, 0.0001223705217519329, 0.00014323850776627595
488, 0.00011308685447392644, 0.0001705475907876996
489, 0.0001223010284037576, 0.00011859982451105215
490, 0.00011251446454005929, 0.00013406501464451195
491, 0.0001520638894755228, 0.00018111220310326127
492, 0.0001240159226495279, 0.0001135206106503529
493, 0.00010713616679006303, 0.0001328641426406893
494, 0.00012338231053746652, 0.00012594476529899595
495, 0.00011383428694617652, 0.0001179584892481367
496, 0.00011541170981796306, 0.00012267439413071794
497, 0.00010192776444829698, 0.00011703876144871739
498, 0.00011784926426697402, 0.00011103633082022705
499, 0.00010778088516644362, 0.00012288486370336547
500, 0.00011293452073880151, 0.00012299141834617167
501, 0.00011872551609816727, 0.00016789275604697304
502, 0.00016210878231439407, 0.0001746930317434188
503, 0.00013253724906220422, 0.00014286973206381403
504, 0.00011068534696751334, 0.00011657385078311457
505, 9.668857246436753e-05, 0.00010593908843250447
506, 0.00010984700038521471, 0.00011803443599367693
507, 0.00011524567207309382, 0.0001359462008386045
508, 0.00011089716151295669, 0.00011519606946966036
509, 0.00010675452198700902, 0.00010925209700946451
510, 0.00010741961153663883, 0.00015490671082304757
511, 0.00011056466472649757, 0.0001335125099141645
512, 0.00011094184739752519, 0.00013195589226703712
513, 0.0001079061807112683, 0.00013155987750119945
514, 0.00012042364055084238, 0.0001393871041741068
515, 0.0001083405743900015, 0.00011203662636143997
516, 0.00010727850414865944, 0.00012256318442395634
517, 0.00012005297205623646, 0.00010387698018190761
518, 0.00010257303959178971, 0.00012674347011567067
519, 0.00011784088758134869, 0.00011795940669676305
520, 0.0001044620196256767, 0.0001116481013563365
521, 0.00011558141991058473, 0.0001297002863552357
522, 0.00010699070451515084, 0.00012229593552783892
523, 0.00011825162308500495, 0.00011590277586097952
524, 0.00010800107665790208, 0.00012655903274477802
525, 0.00010987526036144069, 0.00010863818339513023
526, 0.00010960287830870513, 0.00012052747933391119
527, 0.000106342126607026, 0.0001573927570270249
528, 0.00011216709081519433, 0.00015561807016359257
529, 0.00010616220565970277, 0.00011629591476603257
530, 0.00011151513262440399, 0.00011183221944616707
531, 0.00010138972523536173, 0.00011121278794683388
532, 0.00011160021838139248, 0.0001216457000170604
533, 0.00010710459778642253, 0.00012438707004845022
534, 0.00010751683378084082, 0.00011879578813715271
535, 0.0001088947999703975, 0.000130308881582878
536, 0.00010761080935127012, 0.0001853950750973036
537, 0.0001190389466758061, 0.00011611174535003362
538, 0.0001081808302528772, 0.00012603347488105918
539, 0.00011956613020555738, 0.0001456053805259919
540, 0.0001098919948575857, 0.00011318780148050702
541, 0.00010120333489635113, 0.00011468103425762608
542, 9.704484659372927e-05, 0.0001123985067599437
543, 0.00010243161328116088, 0.00022673350021774696
544, 0.00011523243602418567, 0.00014459234966079698
545, 0.00013527630994295507, 0.0001818026051067775
546, 0.00010483139454087847, 0.0001471307141244187
547, 0.00010432723511528082, 0.00010851529194529415
548, 0.00011819137554764716, 0.00010690055448711198
549, 0.00010072928654732457, 0.00010564914757387354
550, 9.818842792547246e-05, 0.0001014204455334604
551, 0.00010746925119193609, 0.00011362798626860262
552, 9.719324025615798e-05, 0.00011250978632555024
553, 0.00010400358343788907, 0.0001216775939144183
554, 0.00010417211556004103, 0.00011023025275794915
555, 9.666195790869896e-05, 0.00012016248860159541
556, 0.00010601741839703799, 0.00012010470408896316
557, 0.00010257813794573321, 0.00015089814058675397
558, 0.00010792257607234159, 0.00014833508749404967
559, 0.00010033079269246516, 0.00011243542282254674
560, 9.593850212735146e-05, 0.00011191296990256277
561, 0.00010516205103530522, 0.00014389136808047072
562, 0.00010156232073793362, 0.00011039443866750564
563, 0.00012042421937344898, 0.00010931248452717421
564, 0.0001113186900929426, 0.00016133428130521148
565, 0.0001044156131724502, 0.00011403066105764559
566, 9.839005509523921e-05, 0.00011446940613225525
567, 0.0001035863874808727, 0.00011180890975004403
568, 9.195371502116339e-05, 0.0001211991975987396
569, 0.00010120929691017552, 0.0001313210534074327
570, 9.977881583306139e-05, 0.00010939511689940391
571, 0.00010527430483865692, 9.760539037353302e-05
572, 9.784844415423496e-05, 0.00010863080569476884
573, 9.944951916935937e-05, 0.00010898004662042375
574, 9.456596127144352e-05, 0.00010832422565601823
575, 9.995598619809548e-05, 9.909524671734104e-05
576, 9.38658741041511e-05, 0.0001311520470480805
577, 0.00010677699454036835, 0.0001190768410306397
578, 9.725829864301842e-05, 0.00019097853296569852
579, 0.00010992701190243757, 0.0001266661796899491
580, 9.412439731340265e-05, 0.00010958777096627755
581, 0.00010894793827761313, 0.00011991696208847598
582, 0.00010104479568146779, 0.0001178283340888017
583, 9.565212344995855e-05, 9.887150658108953e-05
584, 9.411178235990515e-05, 0.00010634392396226729
585, 9.904442108504836e-05, 0.00013904131761540686
586, 9.483278902268625e-05, 0.00011163603629509003
587, 9.552565488141332e-05, 0.00012855289512610387
588, 9.266667865704482e-05, 9.641687132229363e-05
589, 9.712712360025374e-05, 0.00010739147785272817
590, 9.884752430610854e-05, 0.00013364527876019554
591, 0.00010420928174476258, 0.0001383723934054217
592, 9.992915653864703e-05, 9.529116049123717e-05
593, 9.668771546639906e-05, 0.0001484593280316712
594, 0.00010291397538867549, 0.00016648541302054088
595, 9.356816996581547e-05, 9.929402811702917e-05
596, 9.648761137063681e-05, 0.00010781463142234094
597, 9.178079406759777e-05, 0.00010940947723400697
598, 0.00011057754274272482, 0.00013437945542510598
599, 9.506100680218272e-05, 0.00012580939624134166
600, 9.143469103892022e-05, 0.00010113989543482157
601, 9.326840201161252e-05, 0.00010642427152382247
602, 9.907606367577095e-05, 0.00013473175522133222
603, 0.00010081796764087606, 0.0001136100219908655
604, 9.26040929684202e-05, 0.00010235952764900543
605, 9.258092446039418e-05, 0.00012297961288852956
606, 9.501564836514285e-05, 0.00010647545960408592
607, 8.773407901453118e-05, 0.00010001884901006515
608, 9.552929000789967e-05, 0.00011785804774455273
609, 9.947703753383486e-05, 0.00013257622418047233
610, 8.992460333255643e-05, 0.0001104441177815641
611, 9.499913654566718e-05, 0.00012578431106892476
612, 9.051225641708604e-05, 9.467852780629765e-05
613, 9.187958939201907e-05, 0.00012248414935803504
614, 9.546559471857077e-05, 0.00011861343387548865
615, 9.071194775873935e-05, 9.420032855437888e-05
616, 8.849892793105984e-05, 9.160538218827082e-05
617, 8.705478365233588e-05, 0.0001374240698643312
618, 0.00010246687412132527, 0.00011390358486853449
619, 9.831945036438463e-05, 0.00010815357189592919
620, 9.836927196638979e-05, 9.864197971652872e-05
621, 9.12918390448257e-05, 9.77020405935808e-05
622, 9.121035269792679e-05, 0.00010332638443550115
623, 9.060025613684597e-05, 0.00010534447700519884
624, 9.437004515519879e-05, 9.646373014887875e-05
625, 8.696373042657499e-05, 0.00010482124367809206
626, 9.343042967255455e-05, 0.0001278834788746727
627, 9.276880268846367e-05, 0.0001007354515230141
628, 9.087881093507755e-05, 9.45685001733483e-05
629, 9.206544036045309e-05, 0.00012245526153256307
630, 9.453552730430966e-05, 0.00011286657757614213
631, 9.114855054889586e-05, 0.00011959550108482386
632, 9.128404185889091e-05, 0.00010449538992874846
633, 8.965732032503165e-05, 0.00010175935994392163
634, 8.535783303445217e-05, 9.740148894359938e-05
635, 8.610657631446894e-05, 9.821796809105942e-05
636, 8.74511947775493e-05, 0.00011350517872282668
637, 9.189836251596181e-05, 0.00010573914762210692
638, 8.856810867175406e-05, 0.00011481919037216185
639, 8.53119982291169e-05, 9.532988834812987e-05
640, 8.812738951382238e-05, 8.967707981114902e-05
641, 8.263435069267218e-05, 9.737634124320612e-05
642, 9.401458406305435e-05, 9.469038205758384e-05
643, 8.531588000496066e-05, 8.957109410424982e-05
644, 8.729283702532228e-05, 9.600903290951342e-05
645, 8.63360945461652e-05, 9.90613464981316e-05
646, 8.704489718534341e-05, 0.000100577074530204
647, 8.481691353939801e-05, 9.54755830821686e-05
648, 8.564140390826126e-05, 0.00012005255442336863
649, 8.75909590873158e-05, 9.18593443326477e-05
650, 9.247891769012913e-05, 0.00010872908429132943
651, 8.417729307404746e-05, 9.532113958194792e-05
652, 8.514884375330756e-05, 9.355725256654083e-05
653, 8.465157756955293e-05, 9.39309346188082e-05
654, 8.906454178115401e-05, 9.513298331503004e-05
655, 8.497142171339643e-05, 9.445154143873554e-05
656, 8.890199129199986e-05, 0.000103081181823467
657, 8.690781649607443e-05, 8.857173865198328e-05
658, 8.63335882659096e-05, 0.0001169003117853068
659, 8.830255799456997e-05, 0.00010552945636902345
660, 8.600472418099302e-05, 9.967226997662981e-05
661, 8.584253211420664e-05, 9.704504565464596e-05
662, 8.486952170687084e-05, 0.00010567297901883173
663, 8.327968624320728e-05, 9.659959554652473e-05
664, 8.923548279890656e-05, 0.0001114888408100026
665, 8.693115020389638e-05, 0.00010352277922235945
666, 8.688868350407983e-05, 9.25056421978519e-05
667, 8.630058808438612e-05, 0.00010454085771786495
668, 8.538706870628566e-05, 9.472919395202875e-05
669, 8.456827879583502e-05, 9.47605671601353e-05
670, 8.149038807189047e-05, 9.017766572269709e-05
671, 8.831711503551108e-05, 9.854553127429494e-05
672, 8.225706741847492e-05, 9.52671179117556e-05
673, 8.750260253744288e-05, 8.709104795410124e-05
674, 8.018213309518564e-05, 0.00010847437962416962
675, 8.284464003970274e-05, 9.81078815283261e-05
676, 8.848174672450906e-05, 0.00011597609934404475
677, 8.398421984518841e-05, 0.00011327755899324397
678, 8.278703044415813e-05, 0.0001022277878588633
679, 8.238793947699393e-05, 9.231326244131912e-05
680, 8.038748692952603e-05, 8.74813189061627e-05
681, 8.250798075093912e-05, 0.00010687470563854675
682, 8.44624185297337e-05, 9.267951317393072e-05
683, 8.061945090840983e-05, 0.00010403705561992175
684, 8.482054065750713e-05, 9.352572319258075e-05
685, 8.065411364418027e-05, 8.786804962327847e-05
686, 8.026139979749548e-05, 9.152170445821947e-05
687, 8.006584104058635e-05, 9.491150443715101e-05
688, 8.315921608185881e-05, 9.489370048682451e-05
689, 7.851313177360079e-05, 9.184438207638305e-05
690, 8.090083388596558e-05, 8.362822715354671e-05
691, 7.839996884510795e-05, 9.42025355482762e-05
692, 8.097999743221387e-05, 9.948124968165852e-05
693, 8.177582236631913e-05, 0.00010085277120063195
694, 8.026720427664727e-05, 9.870558536350447e-05
695, 8.150066232348455e-05, 9.004861743250907e-05
696, 7.99671484795883e-05, 9.881070474411876e-05
697, 8.012826839597739e-05, 8.701479710025739e-05
698, 7.687510253615602e-05, 9.506115307346008e-05
699, 8.313551045073101e-05, 8.825988047771932e-05
700, 8.279744339100914e-05, 0.00010371359770693741
701, 8.378510663881973e-05, 9.560571156988695e-05
702, 8.120731680941431e-05, 8.555174570632843e-05
703, 7.754344808028753e-05, 8.355896519011879e-05
704, 8.337408786520844e-05, 9.306660814684189e-05
705, 8.153707984370777e-05, 9.777048703410518e-05
706, 8.043885618170875e-05, 9.369773925490014e-05
707, 7.830146107439563e-05, 9.1662939631916e-05
708, 8.201920797203848e-05, 9.247394364123494e-05
709, 7.881189777198169e-05, 9.327230401331403e-05
710, 7.846613336047582e-05, 9.676104695537345e-05
711, 7.685048062595425e-05, 8.90856016176722e-05
712, 7.812647797940221e-05, 8.581747012616671e-05
713, 7.918149859284765e-05, 9.68432533513803e-05
714, 7.924192022008382e-05, 8.934256926075498e-05
715, 7.73573894129543e-05, 9.228923326658848e-05
716, 8.014957946593579e-05, 9.812419523430599e-05
717, 7.837915560003901e-05, 9.237094023239379e-05
718, 7.875632543693646e-05, 8.834821089550369e-05
719, 7.516116175484381e-05, 9.182099443257264e-05
720, 7.957502382812897e-05, 9.992740481887015e-05
721, 7.971875910229102e-05, 8.943760376227054e-05
722, 7.7742675676649e-05, 9.117858190802274e-05
723, 7.652599249302738e-05, 8.591850711286682e-05
724, 7.511300474264529e-05, 9.407121510217677e-05
725, 7.62895599927389e-05, 8.712290377520571e-05
726, 7.656103237632857e-05, 9.194450712988962e-05
727, 7.843348605361087e-05, 8.891810967356761e-05
728, 8.01993756046575e-05, 9.613322445865529e-05
729, 7.515562884345219e-05, 9.775375415663597e-05
730, 7.698586673788945e-05, 9.23809697836422e-05
731, 7.646964060769058e-05, 8.620442450292283e-05
732, 7.684048895028319e-05, 8.802399808931503e-05
733, 7.559033816382927e-05, 8.71362107864872e-05
734, 7.570656770611576e-05, 9.821072289682901e-05
735, 7.699086216721787e-05, 8.365106405117765e-05
736, 7.769350866302734e-05, 0.0001004864741291235
737, 7.603854238713971e-05, 8.946445660918069e-05
738, 7.5636177506076e-05, 8.292624732995294e-05
739, 7.598034020026327e-05, 8.997196407758775e-05
740, 7.361389615041916e-05, 8.405883375049722e-05
741, 7.753610237616544e-05, 8.846740912607021e-05
742, 7.68258449190226e-05, 8.810779849821922e-05
743, 7.803804319659199e-05, 8.789924431440747e-05
744, 7.698348780904647e-05, 9.508547415271991e-05
745, 7.639181974031265e-05, 8.844254290018449e-05
746, 7.457994304691247e-05, 0.00010336051938877031
747, 7.293119047136846e-05, 8.409335313444292e-05
748, 7.573352502509102e-05, 9.629725141331389e-05
749, 7.409496629506374e-05, 8.483254606435539e-05
750, 7.523346519000299e-05, 8.973301007320788e-05
751, 7.485936510851964e-05, 8.630254758224088e-05
752, 7.492215040940636e-05, 8.837806393579625e-05
753, 7.636386778844878e-05, 9.002291538136202e-05
754, 7.565892610885524e-05, 8.271567529284464e-05
755, 7.478647700629004e-05, 8.738005435083211e-05
756, 7.230878236704131e-05, 8.421762321888013e-05
757, 7.306255262109212e-05, 9.150598207789272e-05
758, 7.47738852333117e-05, 8.602223513055616e-05
759, 7.428551413119156e-05, 8.295298859309526e-05
760, 7.235024095585596e-05, 8.702338980533697e-05
761, 7.23644317326894e-05, 8.257366033740408e-05
762, 7.178419273702112e-05, 9.147158882979079e-05
763, 7.638713424672513e-05, 0.000101729115318117
764, 7.348721404588785e-05, 8.267329167807064e-05
765, 7.261779251413141e-05, 8.229658724325309e-05
766, 7.323525871041645e-05, 8.357579416636596e-05
767, 7.504100997511514e-05, 8.844642021445189e-05
768, 7.194016061329463e-05, 8.781247745787383e-05
769, 7.214952564058155e-05, 8.505949716598615e-05
770, 7.50885098342502e-05, 8.145303142598933e-05
771, 7.192613191548959e-05, 8.698646557243465e-05
772, 7.350130691242288e-05, 8.49500050056729e-05
773, 7.343039537093485e-05, 8.45381241867755e-05
774, 7.142615634607578e-05, 8.109961895532553e-05
775, 7.252087740127595e-05, 8.337161312572254e-05
776, 7.283547258712644e-05, 9.159481925034782e-05
777, 7.207332691052452e-05, 8.126834322333863e-05
778, 7.260063052126084e-05, 8.876299045900397e-05
779, 7.153580747065863e-05, 8.628259344175801e-05
780, 7.149227366205322e-05, 8.390432532176761e-05
781, 7.138692712615945e-05, 8.08088202606621e-05
782, 7.079273727907455e-05, 8.694655508753794e-05
783, 7.210316472576212e-05, 8.487856056658092e-05
784, 7.178244685500329e-05, 8.119492280888278e-05
785, 7.232016117475147e-05, 8.385949198283737e-05
786, 7.188683955938003e-05, 8.295030245663108e-05
787, 7.145010196618783e-05, 8.181058126849222e-05
788, 7.099819688919223e-05, 8.337991824697458e-05
789, 7.208988403213289e-05, 9.045248493821672e-05
790, 7.075089096030434e-05, 8.640813868070611e-05
791, 7.256541067197246e-05, 8.130077047844673e-05
792, 7.041945278926708e-05, 8.180333313743474e-05
793, 7.019075155193675e-05, 8.478179616580731e-05
794, 7.092798043092699e-05, 8.434059828350761e-05
795, 7.042677013571782e-05, 8.270796866768483e-05
796, 7.031653334341028e-05, 8.497540218400346e-05
797, 6.977771827119177e-05, 8.268275468354845e-05
798, 7.063356733871679e-05, 8.063375436591334e-05
799, 7.161808866639892e-05, 8.097075823714311e-05
800, 7.116941159958818e-05, 8.126569285988202e-05
801, 7.004529782563501e-05, 7.954606192688444e-05
802, 6.956978656114994e-05, 8.772254301664365e-05
803, 7.118097111234336e-05, 8.475047727937329e-05
804, 6.937728635505571e-05, 8.212748529504354e-05
805, 7.074170174242508e-05, 7.997053690050471e-05
806, 6.936706888716185e-05, 8.280263156989341e-05
807, 7.009911698804663e-05, 8.598366371163339e-05
808, 6.93882818985993e-05, 8.90534861991889e-05
809, 6.909484094377414e-05, 8.295068709635542e-05
810, 6.928408410743812e-05, 8.16309905902471e-05
811, 6.915254017423041e-05, 9.13263069433536e-05
812, 6.982270283475107e-05, 8.293497611881157e-05
813, 6.990335845618921e-05, 8.047709025536545e-05
814, 6.908178577709751e-05, 8.248339082600686e-05
815, 6.90414377064656e-05, 7.869983444381161e-05
816, 6.877742617047812e-05, 8.784531371539987e-05
817, 6.967762191365429e-05, 8.053414014070016e-05
818, 6.907232420588842e-05, 8.360068568488168e-05
819, 6.844229185358803e-05, 8.17863782161089e-05
820, 6.976185139366734e-05, 8.870680106910662e-05
821, 6.941196186789336e-05, 7.891752971038248e-05
822, 6.948413071534363e-05, 9.686554208965908e-05
823, 6.876275623017172e-05, 8.68037001125659e-05
824, 6.81109562175466e-05, 8.034055486562798e-05
825, 6.872788622987128e-05, 8.532404562434108e-05
826, 6.850654841895666e-05, 8.283190221659647e-05
827, 6.938742232204115e-05, 7.777094299984804e-05
828, 6.964326690573702e-05, 8.469834679479614e-05
829, 7.008777918617555e-05, 7.934612675225878e-05
830, 6.832356778609566e-05, 8.055140290241726e-05
831, 6.78003097511201e-05, 8.219877639334289e-05
832, 6.868957225697437e-05, 8.102571713676693e-05
833, 6.804511696606527e-05, 8.029033864310704e-05
834, 6.860295035957813e-05, 8.082417022069011e-05
835, 6.79277189312822e-05, 7.727830813270322e-05
836, 6.851379471430478e-05, 8.483897414243377e-05
837, 6.832650095014163e-05, 7.992549787824668e-05
838, 6.753039015064577e-05, 8.073053653762178e-05
839, 6.938593538366659e-05, 8.142394783018258e-05
840, 6.713402130812653e-05, 7.908071142292244e-05
841, 6.746483384892214e-05, 8.035083635289555e-05
842, 6.78803757709375e-05, 8.068967450653083e-05
843, 6.797962315725122e-05, 8.069658484013064e-05
844, 6.733450421541579e-05, 8.429110875593935e-05
845, 6.794797469507455e-05, 8.14370700340777e-05
846, 6.713223438481044e-05, 8.132246757539627e-05
847, 6.697830651883834e-05, 8.334203862739447e-05
848, 6.675005461178589e-05, 8.062027039276666e-05
849, 6.655410200658235e-05, 8.009221360596219e-05
850, 6.698946030616114e-05, 8.298487824112779e-05
851, 6.645038048035792e-05, 7.948357213844262e-05
852, 6.699156607394976e-05, 7.677890939355429e-05
853, 6.712960739106423e-05, 7.979596080603101e-05
854, 6.700904624238134e-05, 7.976794194612217e-05
855, 6.681007780841565e-05, 8.050737796500017e-05
856, 6.770003870800202e-05, 7.873753589950406e-05
857, 6.637196859013848e-05, 7.886511894608453e-05
858, 6.672406953632079e-05, 7.897535966502681e-05
859, 6.611956815546244e-05, 7.762730437422166e-05
860, 6.604411989714501e-05, 8.020834439595781e-05
861, 6.662425874304487e-05, 7.863771390869648e-05
862, 6.61099401325029e-05, 7.850137186998968e-05
863, 6.599756674461384e-05, 8.20183281607631e-05
864, 6.573691332204361e-05, 7.952700891383015e-05
865, 6.588136161712919e-05, 7.912648859911261e-05
866, 6.584635337180441e-05, 8.09906869446052e-05
867, 6.624562423634327e-05, 7.80614820612631e-05
868, 6.597093833258411e-05, 7.925608330973014e-05
869, 6.619198364641011e-05, 7.725169742182181e-05
870, 6.631078245490586e-05, 7.770005772343141e-05
871, 6.574077767409e-05, 7.741580843906346e-05
872, 6.556563358163646e-05, 7.964684173925022e-05
873, 6.578334905090364e-05, 7.771392681103357e-05
874, 6.536448095147734e-05, 8.114297759554753e-05
875, 6.583668267185132e-05, 7.888162022046771e-05
876, 6.564501348973354e-05, 7.824996774866377e-05
877, 6.585991297007697e-05, 8.045577829856399e-05
878, 6.589240642331021e-05, 8.100348855291165e-05
879, 6.543249089735344e-05, 7.622928487961689e-05
880, 6.580650726385437e-05, 8.147420137106128e-05
881, 6.508593518078541e-05, 8.130754178564772e-05
882, 6.532593281704778e-05, 7.921485364394288e-05
883, 6.554530819882164e-05, 7.748456620223892e-05
884, 6.515557340253114e-05, 7.826491122539621e-05
885, 6.563521164515459e-05, 7.760578922993946e-05
886, 6.517313217509851e-05, 7.812679115300483e-05
887, 6.521951759237644e-05, 7.850844769991752e-05
888, 6.534988603028281e-05, 8.029247394765572e-05
889, 6.507319991613354e-05, 7.787513973492954e-05
890, 6.557760473481412e-05, 7.708257532424238e-05
891, 6.461939042224783e-05, 7.706112195149282e-05
892, 6.48051845454225e-05, 8.028820074825449e-05
893, 6.498077591425921e-05, 7.731279746667562e-05
894, 6.515462273761063e-05, 8.113631463604e-05
895, 6.503439534887831e-05, 8.03933370715737e-05
896, 6.510354355940186e-05, 7.650557446831078e-05
897, 6.515834074067943e-05, 7.838616169280822e-05
898, 6.478923686928042e-05, 7.704758498770275e-05
899, 6.477114883296832e-05, 7.810369759622911e-05
900, 6.445654335946932e-05, 7.958458824041314e-05
901, 6.460773134393325e-05, 7.739459761475172e-05
902, 6.471386484863015e-05, 7.701385053032681e-05
903, 6.453346779448834e-05, 7.764348066539486e-05
904, 6.427954300061643e-05, 7.901748132955055e-05
905, 6.418261039059206e-05, 7.767210610377526e-05
906, 6.409998647228457e-05, 7.700168134565042e-05
907, 6.428127800049886e-05, 8.048656235884776e-05
908, 6.424877409127651e-05, 7.713921095214478e-05
909, 6.42913483412573e-05, 7.690705594666909e-05
910, 6.454505062735105e-05, 7.783049745769637e-05
911, 6.428942615836793e-05, 7.828155938217398e-05
912, 6.414882785121218e-05, 7.850609286844023e-05
913, 6.401258407829508e-05, 7.671442162923973e-05
914, 6.404325865839041e-05, 7.704336756050929e-05
915, 6.394398407615429e-05, 7.727117570489714e-05
916, 6.382074205576796e-05, 7.972656834117468e-05
917, 6.388449395685674e-05, 7.684955821912836e-05
918, 6.383556897643196e-05, 7.934562323435244e-05
919, 6.393352368993157e-05, 7.656173225864231e-05
920, 6.383869651489079e-05, 7.755447186919224e-05
921, 6.373266337032289e-05, 8.073044408288479e-05
922, 6.365441107594982e-05, 7.885801684830962e-05
923, 6.410517671327492e-05, 7.623117020621605e-05
924, 6.400571478940936e-05, 7.734585071499148e-05
925, 6.367561665767824e-05, 7.758906245512554e-05
926, 6.374691440416707e-05, 7.68833447988681e-05
927, 6.37039488775172e-05, 7.971498083560488e-05
928, 6.388870487475509e-05, 7.768952357386599e-05
929, 6.385111856590953e-05, 7.907627927023884e-05
930, 6.395396420352116e-05, 7.688903007478622e-05
931, 6.351810856066268e-05, 7.696013755396724e-05
932, 6.35661516036742e-05, 7.755868880915632e-05
933, 6.353711584827623e-05, 7.708957710459295e-05
934, 6.350698724218916e-05, 7.656216453542857e-05
935, 6.326927218787854e-05, 7.739453863331331e-05
936, 6.315099726644701e-05, 7.73044106660153e-05
937, 6.33535782403766e-05, 7.633068768567012e-05
938, 6.344884154304894e-05, 7.599846307957771e-05
939, 6.305080816088148e-05, 7.695192087327088e-05
940, 6.301432818546997e-05, 7.631492466476236e-05
941, 6.338698802278759e-05, 7.593293729581804e-05
942, 6.313862748053734e-05, 7.604482599153261e-05
943, 6.315283150267948e-05, 7.752954144153829e-05
944, 6.312556808721277e-05, 7.628562152441965e-05
945, 6.312094638583152e-05, 7.573567041113177e-05
946, 6.301092614562007e-05, 7.601177687754117e-05
947, 6.302368612795135e-05, 7.594547870152354e-05
948, 6.303988410146226e-05, 7.701929419149856e-05
949, 6.310277288176104e-05, 7.621384854008853e-05
950, 6.300390418040011e-05, 7.753662668376015e-05
951, 6.299816774504338e-05, 7.647768943172543e-05
952, 6.290955263622384e-05, 7.685909206288091e-05
953, 6.300786496220696e-05, 7.66932359127061e-05
954, 6.288882710162606e-05, 7.61754281677503e-05
955, 6.299821553609439e-05, 7.614479610661395e-05
956, 6.291255320206862e-05, 7.609343324279955e-05
957, 6.275532160632606e-05, 7.63158587959216e-05
958, 6.281269840786874e-05, 7.64142941702974e-05
959, 6.277651619285473e-05, 7.635140060910672e-05
960, 6.269044854128979e-05, 7.622593493882559e-05
961, 6.27995147212859e-05, 7.622857414969353e-05
962, 6.274272613970998e-05, 7.680506538644041e-05
963, 6.277040964632954e-05, 7.621415906093933e-05
964, 6.268029720349939e-05, 7.601855464697142e-05
965, 6.262204327334801e-05, 7.60291533628546e-05
966, 6.266219626854808e-05, 7.602634129506788e-05
967, 6.261158110967508e-05, 7.614649096447938e-05
968, 6.265193024194273e-05, 7.604808695201185e-05
969, 6.258512741397484e-05, 7.596257219415159e-05
970, 6.249999621355544e-05, 7.605754170453657e-05
971, 6.251000024341283e-05, 7.605116428209759e-05
972, 6.250209555621217e-05, 7.60547508239511e-05
973, 6.250148609897196e-05, 7.622794124591006e-05
974, 6.25043066478822e-05, 7.624314307652477e-05
975, 6.248418033398511e-05, 7.602893331051641e-05
976, 6.246136311279916e-05, 7.605305684174631e-05
977, 6.250429451679432e-05, 7.608328004632385e-05
978, 6.248034374933985e-05, 7.624867803631403e-05
979, 6.246920867856144e-05, 7.595895988919648e-05
980, 6.23535194507015e-05, 7.639072551166295e-05
981, 6.242777439756225e-05, 7.618291951171892e-05
982, 6.239506129724941e-05, 7.627237737751661e-05
983, 6.24179806874412e-05, 7.625645686800657e-05
984, 6.242180475954544e-05, 7.599964674463718e-05
985, 6.234694544079509e-05, 7.590196134133671e-05
986, 6.238168677187583e-05, 7.591996599615418e-05
987, 6.247673796724137e-05, 7.61647965007431e-05
988, 6.236744849371841e-05, 7.622640067612811e-05
989, 6.236374416805546e-05, 7.607843006218092e-05
990, 6.231108270510544e-05, 7.594624170636035e-05
991, 6.235982788113125e-05, 7.598742206721359e-05
992, 6.229227973712983e-05, 7.6035297486762e-05
993, 6.22904460088033e-05, 7.612310062466523e-05
994, 6.228916819802796e-05, 7.596787909376129e-05
995, 6.227992537664835e-05, 7.614296393604438e-05
996, 6.236143347148801e-05, 7.599665846791201e-05
997, 6.231898268314851e-05, 7.60945957430167e-05
998, 6.235788437737048e-05, 7.614673595284361e-05
999, 6.235060129138447e-05, 7.611784763071309e-05
